evalyn.quitzon.ethereal.email,ethereal.email,,3
evalyn.quitzon.ethereal.email,ethereal.email,,3
cpcalendars.vdkly5s9o8.site,vdkly5s9o8.site,NXDOMAIN,2
www.kerugma.pro,kerugma.pro,2c0f:f598::d8:51f2;kerugma.pro;ns3.web4africa.com;169.255.59.74;ns1.web4africa.com;ns2.web4africa.com;ns4.web4africa.com;66.198.240.40,3
ilya22853.gmail.com,gmail.com,NXDOMAIN,3
richardllau899.zoho.com,zoho.com,NXDOMAIN,3
www.rakoten-account.dqulkev.tk,dqulkev.tk,2606:4700:3036::ac43:c916;2606:4700:3033::6815:3cc8;172.67.201.22;104.21.60.200,4
seanricketts.yahoo.com,yahoo.com,NXDOMAIN,3
emiratestarianae.gmail.com,gmail.com,NXDOMAIN,3
webdisk.stl-invest.us,stl-invest.us,NXDOMAIN,1
cpcalendars.flourine.web4africa.net,web4africa.net,NXDOMAIN,3
www.vipwhatsapp.online,vipwhatsapp.online,2c0f:f598::d8:51f2;vipwhatsapp.online;ns4.web4africa.com;169.255.59.74;ns1.web4africa.com;ns3.web4africa.com;ns2.web4africa.com,3
bigpapimuller.outlook.com,outlook.com,NXDOMAIN,3
mesziiks.gmail.com,gmail.com,NXDOMAIN,1
masterofnft.protonmail.com,protonmail.com,NXDOMAIN,1
win22.herosite.pro,herosite.pro,103.212.121.67;win22.herosite.pro;win22.herosite.pro;win22.herosite.pro;win22.herosite.pro;win22.herosite.pro;win22.herosite.pro;win22.herosite.pro;win22.herosite.pro;win22.herosite.pro;win22.herosite.pro;win22.herosite.pro;win22.herosite.pro;win22.herosite.pro;win22.herosite.pro;win22.herosite.pro;win22.herosite.pro;win22.herosite.pro;win22.herosite.pro;win22.herosite.pro;win22.herosite.pro;win22.herosite.pro;win22.herosite.pro;win22.herosite.pro;win22.herosite.pro;win22.herosite.pro;win22.herosite.pro;win22.herosite.pro;win22.herosite.pro;win22.herosite.pro;win22.herosite.pro;win22.herosite.pro;win22.herosite.pro;win22.herosite.pro;win22.herosite.pro;win22.herosite.pro;win22.herosite.pro;win22.herosite.pro;win22.herosite.pro;win22.herosite.pro;win22.herosite.pro;win22.herosite.pro;win22.herosite.pro;win22.herosite.pro;win22.herosite.pro;win22.herosite.pro;win22.herosite.pro;win22.herosite.pro;win22.herosite.pro;win22.herosite.pro;win22.herosite.pro;win22.herosite.pro;win22.herosite.pro;win22.herosite.pro;win22.herosite.pro;win22.herosite.pro;win22.herosite.pro;win22.herosite.pro;win22.herosite.pro;win22.herosite.pro;win22.herosite.pro;win22.herosite.pro;win22.herosite.pro;win22.herosite.pro;win22.herosite.pro;win22.herosite.pro;win22.herosite.pro;win22.herosite.pro;win22.herosite.pro;win22.herosite.pro;win22.herosite.pro;win22.herosite.pro;win22.herosite.pro;win22.herosite.pro;win22.herosite.pro;win22.herosite.pro;win22.herosite.pro;win22.herosite.pro;win22.herosite.pro;win22.herosite.pro;win22.herosite.pro;win22.herosite.pro;win22.herosite.pro;win22.herosite.pro;win22.herosite.pro;win22.herosite.pro;win22.herosite.pro;win22.herosite.pro;win22.herosite.pro;win22.herosite.pro;win22.herosite.pro;win22.herosite.pro;win22.herosite.pro;win22.herosite.pro;win22.herosite.pro;win22.herosite.pro;win22.herosite.pro;win22.herosite.pro;win22.herosite.pro;win22.herosite.pro;win22.herosite.pro;win22.herosite.pro;win22.herosite.pro;win22.herosite.pro;win22.herosite.pro;win22.herosite.pro;win22.herosite.pro;win22.herosite.pro;win22.herosite.pro;win22.herosite.pro;win22.herosite.pro;win22.herosite.pro;win22.herosite.pro;win22.herosite.pro;win22.herosite.pro;win22.herosite.pro;win22.herosite.pro;win22.herosite.pro;win22.herosite.pro;win22.herosite.pro;win22.herosite.pro;win22.herosite.pro;win22.herosite.pro;win22.herosite.pro;win22.herosite.pro;win22.herosite.pro;win22.herosite.pro;win22.herosite.pro;win22.herosite.pro;win22.herosite.pro;win22.herosite.pro;win22.herosite.pro;win22.herosite.pro;win22.herosite.pro;win22.herosite.pro;win22.herosite.pro;win22.herosite.pro;win22.herosite.pro;win22.herosite.pro;win22.herosite.pro;win22.herosite.pro;win22.herosite.pro;win22.herosite.pro;win22.herosite.pro;win22.herosite.pro;win22.herosite.pro;win22.herosite.pro;win22.herosite.pro;win22.herosite.pro;win22.herosite.pro;win22.herosite.pro;win22.herosite.pro;win22.herosite.pro;win22.herosite.pro;win22.herosite.pro;win22.herosite.pro;win22.herosite.pro;win22.herosite.pro;win22.herosite.pro;win22.herosite.pro;win22.herosite.pro;win22.herosite.pro;win22.herosite.pro;win22.herosite.pro;win22.herosite.pro;win22.herosite.pro;win22.herosite.pro;win22.herosite.pro;win22.herosite.pro;win22.herosite.pro;win22.herosite.pro;win22.herosite.pro;win22.herosite.pro;win22.herosite.pro;win22.herosite.pro;win22.herosite.pro;win22.herosite.pro;win22.herosite.pro;win22.herosite.pro;win22.herosite.pro;win22.herosite.pro;win22.herosite.pro;win22.herosite.pro;win22.herosite.pro;win22.herosite.pro;win22.herosite.pro;win22.herosite.pro;win22.herosite.pro;win22.herosite.pro;win22.herosite.pro;win22.herosite.pro;win22.herosite.pro;win22.herosite.pro;win22.herosite.pro;win22.herosite.pro;win22.herosite.pro;win22.herosite.pro;win22.herosite.pro;win22.herosite.pro;win22.herosite.pro;win22.herosite.pro;win22.herosite.pro;win22.herosite.pro;win22.herosite.pro;win22.herosite.pro;win22.herosite.pro;win22.herosite.pro;win22.herosite.pro;win22.herosite.pro;win22.herosite.pro;win22.herosite.pro;win22.herosite.pro;win22.herosite.pro;win22.herosite.pro;win22.herosite.pro;win22.herosite.pro;win22.herosite.pro;win22.herosite.pro;win22.herosite.pro;win22.herosite.pro;win22.herosite.pro;win22.herosite.pro;win22.herosite.pro;win22.herosite.pro;win22.herosite.pro;win22.herosite.pro;win22.herosite.pro;win22.herosite.pro;win22.herosite.pro;win22.herosite.pro;win22.herosite.pro;win22.herosite.pro;win22.herosite.pro;win22.herosite.pro;win22.herosite.pro;win22.herosite.pro;win22.herosite.pro;win22.herosite.pro;win22.herosite.pro;win22.herosite.pro;win22.herosite.pro;win22.herosite.pro;win22.herosite.pro;win22.herosite.pro;win22.herosite.pro;win22.herosite.pro;win22.herosite.pro;win22.herosite.pro;win22.herosite.pro;win22.herosite.pro;win22.herosite.pro;win22.herosite.pro;win22.herosite.pro;win22.herosite.pro;win22.herosite.pro;win22.herosite.pro;win22.herosite.pro;win22.herosite.pro;win22.herosite.pro;win22.herosite.pro;win22.herosite.pro;win22.herosite.pro;win22.herosite.pro;win22.herosite.pro;win22.herosite.pro;win22.herosite.pro;win22.herosite.pro;win22.herosite.pro;win22.herosite.pro;win22.herosite.pro;win22.herosite.pro;win22.herosite.pro;win22.herosite.pro;win22.herosite.pro;win22.herosite.pro;win22.herosite.pro;win22.herosite.pro;win22.herosite.pro;win22.herosite.pro;win22.herosite.pro;win22.herosite.pro;win22.herosite.pro;win22.herosite.pro;win22.herosite.pro;win22.herosite.pro;win22.herosite.pro;win22.herosite.pro;win22.herosite.pro;win22.herosite.pro;win22.herosite.pro;win22.herosite.pro;win22.herosite.pro;win22.herosite.pro;win22.herosite.pro;win22.herosite.pro;win22.herosite.pro;win22.herosite.pro;win22.herosite.pro;win22.herosite.pro;win22.herosite.pro;win22.herosite.pro;win22.herosite.pro;win22.herosite.pro;win22.herosite.pro;win22.herosite.pro;win22.herosite.pro;win22.herosite.pro;win22.herosite.pro;win22.herosite.pro;win22.herosite.pro;win22.herosite.pro;win22.herosite.pro;win22.herosite.pro;win22.herosite.pro;win22.herosite.pro;win22.herosite.pro;win22.herosite.pro;win22.herosite.pro;win22.herosite.pro;win22.herosite.pro;win22.herosite.pro;win22.herosite.pro;win22.herosite.pro;win22.herosite.pro;win22.herosite.pro;win22.herosite.pro;win22.herosite.pro;win22.herosite.pro;win22.herosite.pro;win22.herosite.pro;win22.herosite.pro;win22.herosite.pro;win22.herosite.pro;win22.herosite.pro;win22.herosite.pro;win22.herosite.pro;win22.herosite.pro;win22.herosite.pro;win22.herosite.pro;win22.herosite.pro;win22.herosite.pro;win22.herosite.pro;win22.herosite.pro;win22.herosite.pro;win22.herosite.pro;win22.herosite.pro;win22.herosite.pro;win22.herosite.pro;win22.herosite.pro;win22.herosite.pro;win22.herosite.pro;win22.herosite.pro;win22.herosite.pro;win22.herosite.pro;win22.herosite.pro;win22.herosite.pro;win22.herosite.pro;win22.herosite.pro;win22.herosite.pro;win22.herosite.pro;win22.herosite.pro;win22.herosite.pro;win22.herosite.pro;win22.herosite.pro;win22.herosite.pro;win22.herosite.pro;win22.herosite.pro;win22.herosite.pro;win22.herosite.pro;win22.herosite.pro;win22.herosite.pro;win22.herosite.pro;win22.herosite.pro;win22.herosite.pro;win22.herosite.pro;win22.herosite.pro;win22.herosite.pro;win22.herosite.pro;win22.herosite.pro;win22.herosite.pro;win22.herosite.pro;win22.herosite.pro;win22.herosite.pro;win22.herosite.pro;win22.herosite.pro;win22.herosite.pro;win22.herosite.pro;win22.herosite.pro;win22.herosite.pro;win22.herosite.pro;win22.herosite.pro;win22.herosite.pro;win22.herosite.pro;win22.herosite.pro;win22.herosite.pro;win22.herosite.pro;win22.herosite.pro;win22.herosite.pro;win22.herosite.pro;win22.herosite.pro;win22.herosite.pro;win22.herosite.pro;win22.herosite.pro;win22.herosite.pro;win22.herosite.pro;win22.herosite.pro;win22.herosite.pro;win22.herosite.pro;win22.herosite.pro;win22.herosite.pro;win22.herosite.pro;win22.herosite.pro;win22.herosite.pro;win22.herosite.pro;win22.herosite.pro;win22.herosite.pro;win22.herosite.pro;win22.herosite.pro;win22.herosite.pro;win22.herosite.pro;win22.herosite.pro;win22.herosite.pro;win22.herosite.pro;win22.herosite.pro;win22.herosite.pro;win22.herosite.pro;win22.herosite.pro;win22.herosite.pro;win22.herosite.pro;win22.herosite.pro;win22.herosite.pro;win22.herosite.pro;win22.herosite.pro;win22.herosite.pro;win22.herosite.pro;win22.herosite.pro;win22.herosite.pro;win22.herosite.pro;win22.herosite.pro;win22.herosite.pro;win22.herosite.pro;win22.herosite.pro;win22.herosite.pro;win22.herosite.pro;win22.herosite.pro;win22.herosite.pro;win22.herosite.pro;win22.herosite.pro;win22.herosite.pro;win22.herosite.pro;win22.herosite.pro;win22.herosite.pro;win22.herosite.pro;win22.herosite.pro;win22.herosite.pro;win22.herosite.pro;win22.herosite.pro;win22.herosite.pro;win22.herosite.pro;win22.herosite.pro;win22.herosite.pro;win22.herosite.pro;win22.herosite.pro;win22.herosite.pro;win22.herosite.pro;win22.herosite.pro;win22.herosite.pro;win22.herosite.pro;win22.herosite.pro;win22.herosite.pro;win22.herosite.pro;win22.herosite.pro;win22.herosite.pro;win22.herosite.pro;win22.herosite.pro;win22.herosite.pro;win22.herosite.pro;win22.herosite.pro;win22.herosite.pro;win22.herosite.pro;win22.herosite.pro;win22.herosite.pro;win22.herosite.pro;win22.herosite.pro;win22.herosite.pro;win22.herosite.pro;win22.herosite.pro;win22.herosite.pro;win22.herosite.pro;win22.herosite.pro;win22.herosite.pro;win22.herosite.pro;win22.herosite.pro;win22.herosite.pro;win22.herosite.pro;win22.herosite.pro;win22.herosite.pro;win22.herosite.pro;win22.herosite.pro;win22.herosite.pro;win22.herosite.pro,3
brucebills21.hotmail.com,hotmail.com,NXDOMAIN,3
slovinginc.gmail.com,gmail.com,NXDOMAIN,3
pampersi.protonmail.com,protonmail.com,NXDOMAIN,2
gabrielasantacruzgarcia.gmail.com,gmail.com,NXDOMAIN,2
wapdays.protonmail.com,protonmail.com,NXDOMAIN,1
mcdonald0001.mail.com,mail.com,NXDOMAIN,4
ns1.anonprivatedns.com,anonprivatedns.com,ns1.ibspark.com;ns2.ibspark.com;ns1.ibspark.com;13.248.158.159;NXDOMAIN;159.223.66.177;ns1.anonprivatedns.com;ns1.anonprivatedns.com;ns1.anonprivatedns.com;ns1.anonprivatedns.com;ns1.anonprivatedns.com;ns1.anonprivatedns.com;ns1.anonprivatedns.com;ns1.anonprivatedns.com;ns1.anonprivatedns.com;ns1.anonprivatedns.com;ns1.anonprivatedns.com;ns1.anonprivatedns.com;ns1.anonprivatedns.com;ns1.anonprivatedns.com;ns1.anonprivatedns.com;ns1.anonprivatedns.com;ns1.anonprivatedns.com;ns1.anonprivatedns.com;ns1.anonprivatedns.com;ns1.anonprivatedns.com;ns1.anonprivatedns.com;ns1.anonprivatedns.com;ns1.anonprivatedns.com;ns1.anonprivatedns.com;ns1.anonprivatedns.com;ns1.anonprivatedns.com;ns1.anonprivatedns.com;ns1.anonprivatedns.com;ns1.anonprivatedns.com;ns1.anonprivatedns.com;ns1.anonprivatedns.com;ns1.anonprivatedns.com;ns1.anonprivatedns.com;ns1.anonprivatedns.com;ns1.anonprivatedns.com;ns1.anonprivatedns.com;ns1.anonprivatedns.com;ns1.anonprivatedns.com;ns1.anonprivatedns.com;ns1.anonprivatedns.com;ns1.anonprivatedns.com;ns1.anonprivatedns.com;ns1.anonprivatedns.com;ns1.anonprivatedns.com;ns1.anonprivatedns.com;ns1.anonprivatedns.com;ns1.anonprivatedns.com;ns1.anonprivatedns.com;ns1.anonprivatedns.com;ns1.anonprivatedns.com;ns1.anonprivatedns.com;ns1.anonprivatedns.com;ns1.anonprivatedns.com;ns1.anonprivatedns.com;ns1.anonprivatedns.com;ns1.anonprivatedns.com;ns1.anonprivatedns.com;ns1.anonprivatedns.com;ns1.anonprivatedns.com;ns1.anonprivatedns.com;ns1.anonprivatedns.com;ns1.anonprivatedns.com;ns1.anonprivatedns.com;ns1.anonprivatedns.com;ns1.anonprivatedns.com;ns1.anonprivatedns.com;ns1.anonprivatedns.com;ns1.anonprivatedns.com;ns1.anonprivatedns.com;ns1.anonprivatedns.com;ns1.anonprivatedns.com;ns1.anonprivatedns.com;ns1.anonprivatedns.com;ns1.anonprivatedns.com;ns1.anonprivatedns.com;ns1.anonprivatedns.com;ns1.anonprivatedns.com;ns1.anonprivatedns.com;ns1.anonprivatedns.com;ns1.anonprivatedns.com;ns1.anonprivatedns.com;ns1.anonprivatedns.com;ns1.anonprivatedns.com;ns1.anonprivatedns.com;ns1.anonprivatedns.com;ns1.anonprivatedns.com;ns1.anonprivatedns.com;ns1.anonprivatedns.com;ns1.anonprivatedns.com;ns1.anonprivatedns.com;ns1.anonprivatedns.com;ns1.anonprivatedns.com;ns1.anonprivatedns.com;ns1.anonprivatedns.com;ns1.anonprivatedns.com;ns1.anonprivatedns.com;ns1.anonprivatedns.com;ns1.anonprivatedns.com;ns1.anonprivatedns.com;ns1.anonprivatedns.com;ns1.anonprivatedns.com;ns1.anonprivatedns.com;ns1.anonprivatedns.com;ns1.anonprivatedns.com;ns1.anonprivatedns.com;ns1.anonprivatedns.com;ns1.anonprivatedns.com;ns1.anonprivatedns.com;ns1.anonprivatedns.com;ns1.anonprivatedns.com;ns1.anonprivatedns.com;ns1.anonprivatedns.com;ns1.anonprivatedns.com;ns1.anonprivatedns.com;ns1.anonprivatedns.com;ns1.anonprivatedns.com;ns1.anonprivatedns.com;ns1.anonprivatedns.com;ns1.anonprivatedns.com;ns1.anonprivatedns.com;ns1.anonprivatedns.com;ns1.anonprivatedns.com;ns1.anonprivatedns.com;ns1.anonprivatedns.com;ns1.anonprivatedns.com;ns1.anonprivatedns.com;ns1.anonprivatedns.com;ns1.anonprivatedns.com;ns1.anonprivatedns.com;ns1.anonprivatedns.com;ns1.anonprivatedns.com;ns1.anonprivatedns.com;ns1.anonprivatedns.com;ns1.anonprivatedns.com;ns1.anonprivatedns.com;ns1.anonprivatedns.com;ns1.anonprivatedns.com;ns1.anonprivatedns.com;ns1.anonprivatedns.com;ns1.anonprivatedns.com;ns1.anonprivatedns.com;ns1.anonprivatedns.com;ns1.anonprivatedns.com;ns1.anonprivatedns.com;ns1.anonprivatedns.com;ns1.anonprivatedns.com;ns1.anonprivatedns.com;ns1.anonprivatedns.com;ns1.anonprivatedns.com;ns1.anonprivatedns.com;ns1.anonprivatedns.com;ns1.anonprivatedns.com;ns1.anonprivatedns.com;ns1.anonprivatedns.com;ns1.anonprivatedns.com;ns1.anonprivatedns.com;ns1.anonprivatedns.com;ns1.anonprivatedns.com;ns1.anonprivatedns.com;ns1.anonprivatedns.com;ns1.anonprivatedns.com;ns1.anonprivatedns.com;ns1.anonprivatedns.com;ns1.anonprivatedns.com;ns1.anonprivatedns.com;ns1.anonprivatedns.com;ns1.anonprivatedns.com;ns1.anonprivatedns.com;ns1.anonprivatedns.com;ns1.anonprivatedns.com;ns1.anonprivatedns.com;ns1.anonprivatedns.com;ns1.anonprivatedns.com;ns1.anonprivatedns.com;ns1.anonprivatedns.com;ns1.anonprivatedns.com;ns1.anonprivatedns.com;ns1.anonprivatedns.com;ns1.anonprivatedns.com;ns1.anonprivatedns.com;ns1.anonprivatedns.com;ns1.anonprivatedns.com;ns1.anonprivatedns.com;ns1.anonprivatedns.com;ns1.anonprivatedns.com;ns1.anonprivatedns.com;ns1.anonprivatedns.com;ns1.anonprivatedns.com;ns1.anonprivatedns.com;ns1.anonprivatedns.com;ns1.anonprivatedns.com;ns1.anonprivatedns.com;ns1.anonprivatedns.com;ns1.anonprivatedns.com;ns1.anonprivatedns.com;ns1.anonprivatedns.com;ns1.anonprivatedns.com;ns1.anonprivatedns.com;ns1.anonprivatedns.com;ns1.anonprivatedns.com;ns1.anonprivatedns.com;ns1.anonprivatedns.com;ns1.anonprivatedns.com;ns1.anonprivatedns.com;ns1.anonprivatedns.com;ns1.anonprivatedns.com;ns1.anonprivatedns.com;ns1.anonprivatedns.com;ns1.anonprivatedns.com;ns1.anonprivatedns.com;ns1.anonprivatedns.com;ns1.anonprivatedns.com;ns1.anonprivatedns.com;ns1.anonprivatedns.com;ns1.anonprivatedns.com;ns1.anonprivatedns.com;ns1.anonprivatedns.com;ns1.anonprivatedns.com;ns1.anonprivatedns.com;ns1.anonprivatedns.com;ns1.anonprivatedns.com;ns1.anonprivatedns.com;ns1.anonprivatedns.com;ns1.anonprivatedns.com;ns1.anonprivatedns.com;ns1.anonprivatedns.com;ns1.anonprivatedns.com;ns1.anonprivatedns.com;ns1.anonprivatedns.com;ns1.anonprivatedns.com;ns1.anonprivatedns.com;ns1.anonprivatedns.com;ns1.anonprivatedns.com;ns1.anonprivatedns.com;ns1.anonprivatedns.com;ns1.anonprivatedns.com;ns1.anonprivatedns.com;ns1.anonprivatedns.com;ns1.anonprivatedns.com;ns1.anonprivatedns.com;ns1.anonprivatedns.com;ns1.anonprivatedns.com;ns1.anonprivatedns.com;ns1.anonprivatedns.com;ns1.anonprivatedns.com;ns1.anonprivatedns.com;ns1.anonprivatedns.com;ns1.anonprivatedns.com;ns1.anonprivatedns.com;ns1.anonprivatedns.com;ns1.anonprivatedns.com;ns1.anonprivatedns.com;ns1.anonprivatedns.com;ns1.anonprivatedns.com;ns1.anonprivatedns.com;ns1.anonprivatedns.com;ns1.anonprivatedns.com;ns1.anonprivatedns.com;ns1.anonprivatedns.com;ns1.anonprivatedns.com;ns1.anonprivatedns.com;ns1.anonprivatedns.com;ns1.anonprivatedns.com;ns1.anonprivatedns.com;ns1.anonprivatedns.com;ns1.anonprivatedns.com;ns1.anonprivatedns.com;ns1.anonprivatedns.com;ns1.anonprivatedns.com;ns1.anonprivatedns.com;ns1.anonprivatedns.com;ns1.anonprivatedns.com;ns1.anonprivatedns.com;ns1.anonprivatedns.com;ns1.anonprivatedns.com;ns1.anonprivatedns.com;ns1.anonprivatedns.com;ns1.anonprivatedns.com;ns1.anonprivatedns.com;ns1.anonprivatedns.com;ns1.anonprivatedns.com;ns1.anonprivatedns.com,2
jonesales.protonmail.com,protonmail.com,NXDOMAIN,3
ns1.interimnameserver.com,interimnameserver.com,141.8.225.63;207.189.109.119;ns1.interimnameserver.com;ns1.interimnameserver.com;ns1.interimnameserver.com;ns1.interimnameserver.com;ns1.interimnameserver.com;ns1.interimnameserver.com;ns1.interimnameserver.com;ns1.interimnameserver.com;ns1.interimnameserver.com;ns1.interimnameserver.com;ns1.interimnameserver.com;ns1.interimnameserver.com;ns1.interimnameserver.com;ns1.interimnameserver.com;ns1.interimnameserver.com;ns1.interimnameserver.com;ns1.interimnameserver.com;ns1.interimnameserver.com;ns1.interimnameserver.com;ns1.interimnameserver.com;ns1.interimnameserver.com;ns1.interimnameserver.com;ns1.interimnameserver.com;ns1.interimnameserver.com;ns1.interimnameserver.com;ns1.interimnameserver.com;ns1.interimnameserver.com;ns1.interimnameserver.com;ns1.interimnameserver.com;ns1.interimnameserver.com;ns1.interimnameserver.com;ns1.interimnameserver.com;ns1.interimnameserver.com;ns1.interimnameserver.com;ns1.interimnameserver.com;ns1.interimnameserver.com;ns1.interimnameserver.com;ns1.interimnameserver.com;ns1.interimnameserver.com;ns1.interimnameserver.com;ns1.interimnameserver.com;ns1.interimnameserver.com;ns1.interimnameserver.com;ns1.interimnameserver.com,11
aktsasuke365.gmail.com,gmail.com,NXDOMAIN,3
biscghana.outlook.com,outlook.com,NXDOMAIN,3
nilsbolliger.list.ru,list.ru,NXDOMAIN,3
instaprimeservice123.gmail.com,gmail.com,NXDOMAIN,4
shadowgroup22.gmail.com,gmail.com,NXDOMAIN,3
joealex990.yahoo.com,yahoo.com,NXDOMAIN,3
shadowofficiel004.gmail.com,gmail.com,NXDOMAIN,3
ns2.redhosta.site,redhosta.site,204.209.56.10;172.105.111.70;198.71.49.37;159.89.34.117;45.79.38.245;137.184.235.106;dns101.registrar-servers.com;dns101.registrar-servers.com;76.223.21.9;dns2.registrar-servers.com;dns1.registrar-servers.com;dns102.registrar-servers.com;NXDOMAIN;NXDOMAIN;ns2.redhosta.site;ns2.redhosta.site;ns2.redhosta.site;ns2.redhosta.site;ns2.redhosta.site;ns2.redhosta.site;ns2.redhosta.site;ns2.redhosta.site;ns2.redhosta.site;ns2.redhosta.site;ns2.redhosta.site;ns2.redhosta.site;ns2.redhosta.site;ns2.redhosta.site;ns2.redhosta.site;ns2.redhosta.site;ns2.redhosta.site;ns2.redhosta.site;ns2.redhosta.site;ns2.redhosta.site;ns2.redhosta.site;ns2.redhosta.site;ns2.redhosta.site;ns2.redhosta.site;ns2.redhosta.site;ns2.redhosta.site;ns2.redhosta.site;ns2.redhosta.site;ns2.redhosta.site;ns2.redhosta.site;ns2.redhosta.site;ns2.redhosta.site;ns2.redhosta.site;ns2.redhosta.site;ns2.redhosta.site;ns2.redhosta.site;ns2.redhosta.site;ns2.redhosta.site;ns2.redhosta.site;ns2.redhosta.site;ns2.redhosta.site;ns2.redhosta.site;ns2.redhosta.site;ns2.redhosta.site;ns2.redhosta.site;ns2.redhosta.site;ns2.redhosta.site;ns2.redhosta.site;ns2.redhosta.site;ns2.redhosta.site;ns2.redhosta.site;ns2.redhosta.site;ns2.redhosta.site;ns2.redhosta.site;ns2.redhosta.site;ns2.redhosta.site;ns2.redhosta.site;ns2.redhosta.site;ns2.redhosta.site;ns2.redhosta.site;ns2.redhosta.site;ns2.redhosta.site;ns2.redhosta.site;ns2.redhosta.site;ns2.redhosta.site;ns2.redhosta.site;ns2.redhosta.site;ns2.redhosta.site;ns2.redhosta.site;ns2.redhosta.site;ns2.redhosta.site;ns2.redhosta.site;ns2.redhosta.site;ns2.redhosta.site;ns2.redhosta.site;ns2.redhosta.site;ns2.redhosta.site;ns2.redhosta.site;ns2.redhosta.site;ns2.redhosta.site;ns2.redhosta.site;ns2.redhosta.site;ns2.redhosta.site;ns2.redhosta.site;ns2.redhosta.site;ns2.redhosta.site;ns2.redhosta.site;ns2.redhosta.site;ns2.redhosta.site;ns2.redhosta.site;ns2.redhosta.site;ns2.redhosta.site;ns2.redhosta.site;ns2.redhosta.site;ns2.redhosta.site;ns2.redhosta.site;ns2.redhosta.site;ns2.redhosta.site;ns2.redhosta.site;ns2.redhosta.site;ns2.redhosta.site;ns2.redhosta.site;ns2.redhosta.site;ns2.redhosta.site;ns2.redhosta.site;ns2.redhosta.site;ns2.redhosta.site;ns2.redhosta.site;ns2.redhosta.site;ns2.redhosta.site;ns2.redhosta.site;ns2.redhosta.site;ns2.redhosta.site;ns2.redhosta.site;ns2.redhosta.site;ns2.redhosta.site;ns2.redhosta.site;ns2.redhosta.site;ns2.redhosta.site;ns2.redhosta.site;ns2.redhosta.site;ns2.redhosta.site;ns2.redhosta.site;ns2.redhosta.site;ns2.redhosta.site;ns2.redhosta.site;ns2.redhosta.site;ns2.redhosta.site;ns2.redhosta.site;ns2.redhosta.site;ns2.redhosta.site;ns2.redhosta.site;ns2.redhosta.site;ns2.redhosta.site;ns2.redhosta.site;ns2.redhosta.site;ns2.redhosta.site;ns2.redhosta.site;ns2.redhosta.site;ns2.redhosta.site;ns2.redhosta.site;ns2.redhosta.site;ns2.redhosta.site;ns2.redhosta.site;ns2.redhosta.site;ns2.redhosta.site;ns2.redhosta.site;ns2.redhosta.site;ns2.redhosta.site;ns2.redhosta.site;ns2.redhosta.site;ns2.redhosta.site;ns2.redhosta.site;ns2.redhosta.site;ns2.redhosta.site;ns2.redhosta.site;ns2.redhosta.site;ns2.redhosta.site;ns2.redhosta.site;ns2.redhosta.site;ns2.redhosta.site;ns2.redhosta.site;ns2.redhosta.site;ns2.redhosta.site;ns2.redhosta.site;ns2.redhosta.site;ns2.redhosta.site;ns2.redhosta.site;ns2.redhosta.site;ns2.redhosta.site;ns2.redhosta.site;ns2.redhosta.site;ns2.redhosta.site;ns2.redhosta.site;ns2.redhosta.site;ns2.redhosta.site;ns2.redhosta.site;ns2.redhosta.site;ns2.redhosta.site,3
team.vpsmalaysia.com.my,vpsmalaysia.com.my,,4
ajaysahani.zoho.com,zoho.com,NXDOMAIN,4
www.pycracing.tk,pycracing.tk,2a02:4780:1:789:0:1cd5:5689:1;212.1.211.194;185.201.10.135;2a02:4780:1:277:0:1cd5:5689:1;ns1.dns-parking.com;ns2.dns-parking.com;pycracing.tk,3
jasmartini48.gmail.com,gmail.com,NXDOMAIN,3
www.comsertec.factura.ml,factura.ml,83.143.116.3,2
webdisk.cit106account.ml,cit106account.ml,NXDOMAIN,1
johnnyharry.0009.gmail.com,gmail.com,NXDOMAIN,2
giovinco699.gmail.com,gmail.com,NXDOMAIN,2
hostmaster.nuttyabouthosting.co.uk,nuttyabouthosting.co.uk,NXDOMAIN,3
inastateofgrace.protonmail.com,protonmail.com,NXDOMAIN,4
ancosl.drayddns.com,drayddns.com,101.78.246.249;101.78.165.204;218.255.170.185,2
webmail.cit106account.ml,cit106account.ml,NXDOMAIN,1
nmalinowski.protonmail.com,protonmail.com,NXDOMAIN,3
mail.25yearsagotoday.co.uk,25yearsagotoday.co.uk,NXDOMAIN,1
samhuge47.hotmail.com,hotmail.com,NXDOMAIN,3
www.basicdomain12.com,basicdomain12.com,NXDOMAIN,2
fidelitybng.outlook.com,outlook.com,NXDOMAIN,2
tylerdurdenfullz.protonmail.com,protonmail.com,NXDOMAIN,3
